{
    "accuracy": 0.9425,
    "recall": 0.925,
    "f1_score": 0.8654970760233918,
    "auc": 0.9708203124999999,
    "model_size_mb": 0.24744510650634766,
    "mean_latency_ms": 14.294343843866955,
    "p95_latency_ms": 16.03916625463171
}