Fitur,Importance
milk_conductivity,0.6033381908308639
milk_yield,0.20953616502486025
body_temperature,0.1365790978365157
rumination_time,0.05054387546886149
heart_rate,2.670838898574171e-06
