Fitur,Importance
milk_conductivity,0.5153034395031617
body_temperature,0.261064761451914
milk_yield,0.1606857418498262
heart_rate,0.060062848542621075
rumination_time,0.002883208652477087
